Frontend File,Frontend Function,HTTP Method,Frontend URL,Backend File,Backend Function,Backend Route,Tables,Stored_Procedure,Flow_calls,Response Model,Columns,Nested Columns
announcements.ts,getAnnouncements,GET,/api/v2/announcements,,,,,,,,,
announcements.ts,getAnnouncement,GET,/api/v2/announcements/{id},,,,,,,,,
announcements.ts,createAnnouncement,POST,/api/v2/announcements,,,,,,,,,
announcements.ts,updateAnnouncement,PUT,/api/v2/announcements/{id},,,,,,,,,
announcements.ts,deleteAnnouncement,DELETE,/api/v2/announcements/{id},,,,,,,,,
announcements.ts,dismissAnnouncement,PUT,/api/v2/announcements/{id}/status,,,,,,,,,
canvases.ts,getCanvases,GET,/api/v2/canvas/{engagement_id},,,,,,,,,
canvases.ts,getDeletedCanvases,GET,/api/v2/canvas/1/deleted,,,,,,,,,
canvases.ts,undeleteCanvas,PUT,/api/v2/canvas/1/undelete/{canvas_id},,,,,,,,,
canvases.ts,createCanvas,POST,/api/v2/canvas,,,,,,,,,
canvases.ts,refreshCanvas,POST,/api/v2/canvas/rebuild,,,,,,,,,
canvases.ts,deleteCanvas,DELETE,/api/v2/canvas/{engagement_id}/canvas/{canvas_id},api\v2\routers\canvas.py,delete_canvas,/{engagement_id}/canvas/{canvas_id},"DC_CANVAS_HDR,DC_CAM_TO_ENGAGEMENT",,emit_canvas_deleted,,,
canvases.ts,getCustomerCollectorFiles,GET,/api/v2/canvas/{engagement_id}/evidence_uploads,,,,,,,,,
canvases.ts,getSnapshotDates,GET,/api/v2/canvas/snapshots,,,,,,,,,
contracts.ts,getLinkableContracts,GET,/api/v2/contracts/linkable/,,,,,,,,,
contracts.ts,getContractsBooking,GET,/api/v2/contracts/booking/{dc_engagement_id},,,,,,,,,
contracts.ts,updateManagedContract,POST,/api/v2/contracts/managed/{dc_engagement_id},,,,,,,,,
contracts.ts,createManagedContractLink,POST,/api/v2/contracts/linkable/,,,,,,,,,
contracts.ts,getContractsMonitor,GET,/api/v2/contracts/monitor/{dc_engagement_id},,,,,,,,,
contracts.ts,createContractsMonitor,POST,/api/v2/contracts/monitor/{engagement_id},,,,,,,,,
contracts.ts,deleteMonitorContract,DELETE,/api/v2/contracts/monitor/{dc_engagement_id}/{contract_number},,,,,,,,,
contracts.ts,updateMonitorContract,PUT,/api/v2/contracts/monitor/{dc_engagement_id},,,,,,,,,
dcTypes.ts,getDcTypes,GET,/api/v2/dc_types,,,,,,,,,
deliverables.ts,getDeliverables,GET,/api/v2/sdp/{engagement_id}/deliverables,,,,,,,,,
deliverables.ts,getScheduledDeliverables,GET,/api/v2/sdp/{engagement_id}/deliverables/scheduled,,,,,,,,,
deliverables.ts,getClosedDeliverables,GET,/api/v2/sdp/{engagement_id}/deliverables/closed,,,,,,,,,
deliverables.ts,getActiveDeliverables,GET,/api/v2/sdp/{engagement_id}/deliverables/active,,,,,,,,,
deliverables.ts,updateTaskStatus,PUT,/api/v2/sdp/completions,,,,,,,,,
documentation.ts,getDocumentation,GET,/api/v2/documentation,,,,,,,,,
documentation.ts,createDocumentation,POST,/api/v2/documentation,,,,,,,,,
documentation.ts,updateDocumentation,PATCH,/api/v2/documentation/{doc_id},,,,,,,,,
documentation.ts,deleteDocumentation,DELETE,/api/v2/documentation/{doc_id},,,,,,,,,
downloads.ts,getPresignedUrl,POST,/api/v2/workflows/downloads,,,,,,,,,
engagements.ts,getEngagementsUsers,GET,/api/v2/engagements/users,,,,,,,,,
engagements.ts,getEngagements,GET,/api/v2/engagements,api\v2\routers\manager\bookings_common.py,get_available_engagements,/engagements,DC_ENGAGEMENT_HDR,,,,,
engagements.ts,getDeletedEngagements,GET,/api/v2/engagements/deleted,,,,,,,,,
engagements.ts,undeleteEngagement,PUT,/api/v2/engagements/{dc_engagement_id},,,,,,,,,
engagements.ts,createEngagement,POST,/api/v2/engagements,,,,,,,,,
engagements.ts,updateEngagement,PATCH,/api/v2/engagements/{dc_engagement_id},,,,,,,,,
engagements.ts,deleteEngagement,DELETE,/api/v2/engagements/{dc_engagement_id},,,,,,,,,
engagements.ts,getEngagementOwners,GET,/api/v2/engagements/engagement_owners/{dc_engagement_id},,,,,,,,,
engagements.ts,createEngagementOwner,POST,/api/v2/engagements/{dc_engagement_id}/share/{cco_id},,,,,,,,,
engagements.ts,deleteEngagementOwner,DELETE,/api/v2/engagements/{dc_engagement_id}/share/{cco_id},,,,,,,,,
engagements.ts,createEngagementOwnerAsAdmin,POST,/api/v2/engagements/{dc_engagement_id}/share/{cco_id},,,,,,,,,
file-management.ts,getFileManagement,GET,/api/v2/file_management/archived/{engagementId}/{canvasId},,,,,,,,,
financial-admin.ts,getUnverifiedBookings,GET,/api/v2/admin/financial/bookings/unverified,,,,,,,,,
financial-admin.ts,verifyUnverifiedBooking,POST,/api/v2/admin/financial/bookings/unverified,,,,,,,,,
financial-admin.ts,getVerifiedBookings,GET,/api/v2/admin/financial/bookings/verified,,,,,,,,,
financial-admin.ts,updateVerifiedBookingCalculation,PATCH,/api/v2/admin/financial/bookings/verified/{booking_contract}/calculated,,,,,,,,,
financial-admin.ts,updateVerifiedBookingDcTypes,PATCH,/api/v2/admin/financial/bookings/verified/{booking_contract}/dc_types,,,,,,,,,
financial-admin.ts,updateVerifiedBookingAssignments,PATCH,/api/v2/admin/financial/bookings/verified/{booking_contract}/assignments,,,,,,,,,
financial-admin.ts,submitRevenueEntries,POST,/api/v2/admin/financial/revenue/{revenue_type},,,,,,,,,
financial-admin.ts,processRevenueEntries,POST,/api/v2/admin/financial/revenue/process,,,,,,,,,
financial-admin.ts,clearRevenueEntries,POST,/api/v2/admin/financial/revenue/clear/{revenue_type},,,,,,,,,
financial-admin.ts,submitContractsEntries,POST,/api/v2/admin/financial/contracts,,,,,,,,,
financial-admin.ts,submitSEAEntries,POST,/api/v2/admin/financial/revenue/sea,,,,,,,,,
links.ts,getEngagementLinks,GET,/api/v2/links/{engagement_id},,,,,,,,,
links.ts,deleteEngagementLink,DELETE,/api/v2/links/{dc_engagement_id}/{link_type}/{id},,,,,,,,,
links.ts,createEngagementLink,POST,/api/v2/links/{dc_engagement_id}/{link_type},,,,,,,,,
macd.ts,getMACDSchemas,GET,/api/v2/workflows/macd/schemas,,,,,,,,,
macd.ts,getMACDInputs,GET,/api/v2/workflows/macd/submissions/{engagement_id},,,,,,,,,
macd.ts,postMACDInput,POST,/api/v2/workflows/macd,,,,,,,,,
macd.ts,uploadMACDAudit,POST,/api/v2/workflows/macd/audit,,,,,,,,,
manager-portal.ts,getManagerPortalUnclaimedBookings,GET,/api/v2/manager/bookings/unclaimed,,,,,,,,,
manager-portal.ts,getManagerPortalClaimedBookings,GET,/api/v2/manager/bookings/claimed,,,,,,,,,
manager-portal.ts,putManagerPortalClaimUnclaimedBooking,POST,/api/v2/manager/bookings/claim/{booking_contract},,,,,,,,,
manager-portal.ts,attachManagerPortalBookingToEngagement,POST,/api/v2/manager/bookings/engagements/{booking_contract}/{dc_engagement_id},,,,,,,,,
manager-portal.ts,updateManagerPortalClaimedBooking,PUT,/api/v2/manager/bookings/assignments,,,,,,,,,
manager-portal.ts,disengageManagerPortalBooking,POST,/api/v2/manager/bookings/disengage/{booking_contract},,,,,,,,,
manager-portal.ts,updateClaimedBooking,PATCH,/api/v2/manager/bookings/claimed/{booking_contract},,,,,,,,,
manager-portal.ts,updateClaimedBookingCalculation,PATCH,/api/v2/manager/bookings/claimed/{booking_contract}/calculated,,,,,,,,,
manager-portal.ts,updateClaimedBookingAssignments,PATCH,/api/v2/manager/bookings/claimed/{booking_contract}/assignments,,,,,,,,,
manager-portal.ts,updateVerifiedBookingDcTypes,PATCH,/api/v2/manager/bookings/claimed/{booking_contract}/dc_types,,,,,,,,,
manager-portal.ts,updateCurrentSalesDetails,POST,/api/v2/manager/bookings/sales_levels,,,,,,,,,
manager-portal.ts,getManagerPortalClaimedContracts,GET,/api/v2/manager/users,,,,,,,,,
manager-portal.ts,getManagerPortalRenewableBookings,GET,/api/v2/manager/bookings/renewals,,,,,,,,,
manager-portal.ts,putManagerPortalBookingAssignments,PUT,/api/v2/manager/bookings/assignments,,,,,,,,,
manager-portal.ts,replaceManagerPortalUser,POST,/api/v2/manager/bookings/assignments/replace,,,,,,,,,
manager-portal.ts,postManagerPortalExtendBookingContract,POST,/api/v2/manager/bookings/extend/{booking_contract},,,,,,,,,
manager-portal.ts,deleteManagerPortalUnclaimBooking,DELETE,/api/v2/manager/bookings/claim/{booking_contract},,,,,,,,,
manager-portal.ts,patchManagerPortalAllocationRatio,PATCH,/api/v2/manager/bookings/claimed/{booking_contract}/allocation_ratio,,,,,,,,,
manager-portal.ts,getManagerPortalAvailableEngagements,GET,/api/v2/manager/bookings/engagements,,,,,,,,,
manager-portal.ts,createManagerPortalProspectingBooking,POST,/api/v2/manager/bookings/prospective,,,,,,,,,
manager-portal.ts,deleteManagerPortalProspectingBooking,DELETE,/api/v2/manager/bookings/prospective/{booking_contract},,,,,,,,,
pool-manager.ts,putPoolManager,PUT,/api/v2/manager/pool_manager,,,,,,,,,
scv.ts,getSuperCustomers,GET,/api/v2/manager/scv,,,,,,,,,
scv.ts,updateSuperCustomer,PUT,/api/v2/manager/scv/{super_customer_id},,,,,,,,,
scv.ts,addSuperCustomer,POST,/api/v2/manager/scv,,,,,,,,,
scv.ts,deleteSuperCustomer,DELETE,/api/v2/manager/scv/{super_customer_id},,,,,,,,,
sdp.ts,fetchSubtask,GET,/api/v2/admin/sdp/subtasks/{id},,,,,,,,,
sdp.ts,updateSubtask,PATCH,/api/v2/admin/sdp/subtasks/{id},,,,,,,,,
sdp.ts,createSubtask,POST,/api/v2/admin/sdp/subtasks,,,,,,,,,
sdp.ts,deleteSubtask,DELETE,/api/v2/admin/sdp/subtasks/{id},,,,,,,,,
sdp.ts,fetchTask,GET,/api/v2/admin/sdp/tasks/{id},,,,,,,,,
sdp.ts,updateTask,PATCH,/api/v2/admin/sdp/tasks/{id},,,,,,,,,
sdp.ts,createTask,POST,/api/v2/admin/sdp/tasks,,,,,,,,,
sdp.ts,deleteTask,DELETE,/api/v2/admin/sdp/tasks/{id},,,,,,,,,
sdp.ts,fetchDeliverable,GET,/api/v2/admin/sdp/deliverables/{id},,,,,,,,,
sdp.ts,updateDeliverable,PATCH,/api/v2/admin/sdp/deliverables/{id},,,,,,,,,
sdp.ts,createDeliverable,POST,/api/v2/admin/sdp/deliverables,,,,,,,,,
sdp.ts,deleteDeliverable,DELETE,/api/v2/admin/sdp/deliverables/{id},,,,,,,,,
sdp.ts,rebuildSDP,POST,/api/v2/admin/sdp/rebuild,,,,,,,,,
stakeholders.ts,getStakeholders,GET,/api/v2/stakeholders/{engagement_id},,,,,,,,,
stakeholders.ts,deleteStakeholder,DELETE,/api/v2/stakeholders/{engagement_id}/{stakeholder_id},,,,,,,,,
stakeholders.ts,createStakeholder,POST,/api/v2/stakeholders/{dc_engagement_id},,,,,,,,,
stakeholders.ts,editStakeholder,PATCH,/api/v2/stakeholders/{dc_engagement_id}/{stakeholder_id},,,,,,,,,
support.ts,postSupportCases,POST,/api/v2/support/cases,,,,,,,,,
support.ts,getSupportCases,GET,/api/v2/support/cases,,,,,,,,,
support.ts,getSupportAgentCases,GET,/api/v2/support/agent,,,,,,,,,
support.ts,getSupportAgentCase,GET,/api/v2/support/agent/{case_id},,,,,,,,,
support.ts,getSupportAvailableAgents,GET,/api/v2/support/agent/available_agents,,,,,,,,,
support.ts,putSupportAgentCase,PUT,/api/v2/support/agent/{case_id},,,,,,,,,
support.ts,postSupportCloseCase,POST,/api/v2/support/cases/{case_id}/close,,,,,,,,,
support.ts,getSprintGoals,GET,/api/v2/static/html,,,,,,,,,
tags.ts,getTags,GET,/api/v2/tags/{engagement_id},,,,,,,,,
tags.ts,getDeletedTags,GET,/api/v2/tags/1/deleted,,,,,,,,,
tags.ts,undeleteTag,PUT,/api/v2/tags/1/undelete/{tag_id},,,,,,,,,
tags.ts,createTag,POST,/api/v2/tags/{engagement_id},,,,,,,,,
tags.ts,createTags,POST,/api/v2/tags/{engagement_id},,,,,,,,,
tags.ts,deleteTag,DELETE,/api/v2/tags/{tag_id},,,,,,,,,
tags.ts,deleteTags,DELETE,/api/v2/tags/{tag_id},,,,,,,,,
tags.ts,createGlobalTag,POST,/api/v2/tags/1/global,,,,,,,,,
tags.ts,createGlobalTags,POST,/api/v2/tags/1/global,,,,,,,,,
tags.ts,deleteGlobalTag,DELETE,/api/v2/tags/1/global/{tag_id},,,,,,,,,
tags.ts,deleteGlobalTags,DELETE,/api/v2/tags/1/global/{tag_id},,,,,,,,,
tags.ts,updateTag,PATCH,/api/v2/tags/{engagement_id}/{tag_id},,,,,,,,,
tags.ts,updateGlobalTag,PATCH,/api/v2/tags/1/global/{tag_id},,,,,,,,,
tagset.ts,getTagsets,GET,/api/v2/tagsets/{engagement_id},,,,,,,,,
tagset.ts,getDeletedTagsets,GET,/api/v2/tagsets/1/deleted,,,,,,,,,
tagset.ts,getGlobalTagsets,GET,/api/v2/tagsets/1/global,,,,,,,,,
tagset.ts,updateTagset,PATCH,/api/v2/tagsets/{dc_engagement_id}/{tagset_id},,,,,,,,,
tagset.ts,updateGlobalTagset,PATCH,/api/v2/tagsets/1/global/{tagset_id},,,,,,,,,
tagset.ts,createTagset,POST,/api/v2/tagsets/{dc_engagement_id},,,,,,,,,
tagset.ts,createGlobalTagset,POST,/api/v2/tagsets/1/global,,,,,,,,,
tagset.ts,undeleteTagset,PUT,/api/v2/tagsets/1/undelete/{tagset_id},,,,,,,,,
tagset.ts,extractTagsets,GET,/api/v2/tagsets/extract/{engagement_id},,,,,,,,,
thought-spot.ts,startThoughtSpotDiscovery,POST,/api/v2/thought_spot/discover,,,,,,,,,
thought-spot.ts,getCanvasTasks,GET,/api/v2/thought_spot/canvas_tasks/{canvas_id},,,,,,,,,
thought-spot.ts,getEngagementTasks,GET,/api/v2/thought_spot/{engagement_id},,,,,,,,,
thought-spot.ts,deleteTagActions,DELETE,/api/v2/thought_spot,,,,,,,,,
thought-spot.ts,createTagActions,POST,/api/v2/thought_spot_tag,,,,,,,,,
thought-spot.ts,sendExtractInstanceIds,POST,/api/v2/thought_spot/actions/extracts,,,,,,,,,
thought-spot.ts,uploadModalSubmission,POST,/api/v2/thought_spot/upload/{engagement_id},,,,,,,,,
thought-spot.ts,refreshTagsets,POST,/api/v2/thought_spot/refresh-tagsets,,,,,,,,,
time-tracking.ts,getTimeTrackingWeeklyView,GET,/api/v2/sdp/time_tracking/weekly,,,,,,,,,
time-tracking.ts,getTimeTrackingEntries,GET,/api/v2/sdp/time_tracking,,,,,,,,,
time-tracking.ts,postTimeTrackingEntries,POST,/api/v2/sdp/time_tracking,,,,,,,,,
tml.ts,getTml,GET,/api/v2/file_management/file_management_json/get_state,,,,,,,,,
tml.ts,createTml,POST,/api/v2/file_management/file_management_json/post_state,,,,,,,,,
user-defined-types.ts,getUserDefinedTypes,GET,/api/v2/udt/{dc_engagement_id},,,,,,,,,
user-defined-types.ts,getUserDefinedTypesByFieldName,GET,/api/v2/udt/{dc_engagement_id},,,,,,,,,
user-defined-types.ts,createUserDefinedType,POST,/api/v2/udt,,,,,,,,,
user-defined-types.ts,editUserDefinedType,PATCH,/api/v2/udt,,,,,,,,,
user-defined-types.ts,deleteUserDefinedType,DELETE,/api/v2/udt,,,,,,,,,
users.ts,fetchWhoAmI,GET,/api/v2/users/whoami,,,,,,,,,
vendor.ts,getVendorPortalDeliverablesList,GET,/api/v2/manager/bookings/sdp/{booking_contract},,,,,,,,,
vendor.ts,updateVendorCAMAssignment,POST,/api/v2/manager/bookings/sdp/{booking_contract},,,,,,,,,
workflows.ts,getWorkflowTree,GET,/api/v2/workflows/actions,,,,,,,,,
workflows.ts,getWorkflowNotifications,GET,/api/v2/workflows/notifications/{engagement_id}${lastActivity,,,,,,,,,
workflows.ts,getWorkflowNotification,GET,/api/v2/workflows/notifications/{engagement_id}/{notification_id},,,,,,,,,
workflows.ts,postWorkflowSignOff,POST,/api/v2/workflows/sign_off,,,,,,,,,
workflows.ts,generateSiteReport,POST,/api/v2/workflows/lookups/site-report,,,,,,,,,
workflows.ts,generateACATReport,POST,/api/v2/workflows/lookups/acat-discovery,,,,,,,,,
workflows.ts,generateHostnameRelinkReport,POST,/api/v2/workflows/lookups/host-name-relink,,,,,,,,,
workflows.ts,generateHostnameSiteMovesReport,POST,/api/v2/workflows/lookups/host-name-site-moves,,,,,,,,,
workflows.ts,generateSNIFReport,POST,/api/v2/workflows/lookups/snif-report,,,,,,,,,
workflows.ts,postBulkTagging,POST,/api/v2/workflows/bulk_instance_tagging,,,,,,,,,
workflows.ts,postSeaFile,POST,/api/v2/workflows/sea_upload,,,,,,,,,
canvas-table.tsx,CanvasTable,PUT,/api/v2/canvas/{canvas_id}/enable,,,,,,,,,
